Timestamp,Symbol,Entry_Price_TL,Target_Price_TL,Target_Price_USD,USD_Rate,Confidence,Sniper_Label,Status
2026-09-09 15:00:34,AKSA,10.510000228881836,11.340476618711598,0.23308989957186377,48.652801513671875,0.7218691919159993,RF:72|LSTM:91,PENDING
2026-09-09 15:00:38,ALFAS,35.52000045776367,39.24526747944209,0.8066394176379302,48.652801513671875,0.6881681936902345,RF:68|LSTM:88,PENDING
2026-09-09 15:00:41,ASTOR,252.75,294.87115055384186,6.06072294667308,48.652801513671875,0.6445903802009084,RF:64|LSTM:82,PENDING
2026-09-09 15:00:43,ASUZU,44.900001525878906,48.529679947479444,0.997469383830696,48.652801513671875,0.7126735405728724,RF:71|LSTM:95,PENDING
2026-09-09 15:00:48,BUCIM,5.460000038146973,5.887848614232362,0.12101766868610482,48.652801513671875,0.6658472455733421,RF:66|LSTM:72,PENDING
2026-09-09 15:01:00,DOHOL,20.6200008392334,22.302203503650233,0.45839505249010404,48.652801513671875,0.7052197796508419,RF:70|LSTM:73,PENDING
2026-09-09 15:01:07,EUREN,3.569999933242798,3.891250653915301,0.07997999154934222,48.652801513671875,0.6939182003609108,RF:69|LSTM:60,PENDING
2026-09-16 14:42:25,HEKTS,2.440000057220459,2.7903758575617252,0.05735130118474288,48.65409851074219,0.7021773794627341,RF:70|LSTM:97,PENDING
2026-09-16 14:42:26,HLGYO,4.0,4.447201307973609,0.09140445397404137,48.65409851074219,0.7094579870192788,RF:70|LSTM:67,PENDING
2026-09-16 14:42:45,KMPUR,17.549999237060547,19.78428346435015,0.40663138502056595,48.65409851074219,0.7518340352881533,RF:75|LSTM:91,PENDING
2026-09-16 14:42:46,KONTR,3.059999942779541,3.4458298466358324,0.07082301290352833,48.65409851074219,0.7071703966745355,RF:70|LSTM:80,PENDING
2026-09-16 14:42:49,KORDS,3.569999933242798,4.212163621108613,0.08657366491290805,48.65409851074219,0.7159629667178615,RF:71|LSTM:64,PENDING
2026-09-16 14:42:57,KZBGY,1.649999976158142,1.8188587533415932,0.037383464271566205,48.65409851074219,0.7015059202331225,RF:70|LSTM:79,PENDING
2026-09-16 14:43:10,PSGYO,2.5899999141693115,3.0201593670385876,0.06207409980829828,48.65409851074219,0.6914531018029362,RF:69|LSTM:76,PENDING
2026-09-16 14:43:18,SMRTG,7.46999979019165,8.709740879674342,0.1790135085485418,48.65409851074219,0.710494903590706,RF:71|LSTM:97,PENDING
